ID,Rank (Temp),User,Rank,Score,SS,SSW,Place,Set Win Rate,Game Win Rate,Barnacle,Bluefin,Brinewater,Crableg,Eeltail,Flounder,Haggle,Hammerhead,Humpback,Inkblot,Lemuria,Mahi,Mako,Manta,Marlin,Mincemeat,Museum,Robo,Scorch,Shipshape,Sturgeon,Umami,Undertow,Urchin,Wahoo,Color,Color_Alt,Barnacle,Bluefin,Brinewater,Crableg,Eeltail,Flounder,Haggle,Hammerhead,Humpback,Inkblot,Lemuria,Mahi,Mako,Manta,Marlin,Mincemeat,Museum,Robo,Scorch,Shipshape,Sturgeon,Umami,Undertow,Urchin,Wahoo,Sets Played,Tourneys Played
84,1,yoshii,1,100,70.47568,68.093,95.88519,86.96,80.95,100,---,---,100,---,---,66.67,---,---,75,100,57.14,100,---,---,---,---,85.71,---,66.67,---,77.78,100,---,---,9EE1F5,2AB3D6,6,0,0,4,0,0,12,0,0,4,3,7,7,0,0,0,0,7,0,3,0,9,1,0,0,23,5
5,2,julius,2,99.866,73.938,71.62,93.158,85.11,76.06,85.71,---,100,61.54,---,---,85.71,---,66.67,100,---,60,70,---,---,---,0,72.73,---,85.71,---,82.35,100,---,---,9EE1F5,2AB3D6,14,0,2,13,0,0,14,0,3,9,0,15,20,0,0,0,2,22,0,7,0,17,4,0,0,47,9
152,3,Tini,3,99.218,75.71155,75.712,100,100,88.46,100,---,50,100,---,---,66.67,---,---,0,---,100,100,---,---,---,100,100,---,100,---,100,100,---,---,9EE1F5,2AB3D6,1,0,2,4,0,0,3,0,0,1,0,2,3,0,0,0,1,3,0,1,0,2,3,0,0,9,2
49,4,josh,4,85.634,74.23883,75.305,95.23714,77.78,63.33,66.67,---,100,75,---,---,100,---,---,100,---,66.67,50,---,---,---,0,100,---,100,---,20,100,---,---,9EE1F5,2AB3D6,3,0,2,4,0,0,1,0,0,1,0,3,6,0,0,0,1,1,0,2,0,5,1,0,0,9,2
28,5,ahiru,5,81.871,74.41922,69.546,74.89071,66.67,60.42,75,---,0,50,---,---,80,---,100,40,---,60,66.67,---,---,---,0,60,---,40,---,75,100,---,---,9EE1F5,2AB3D6,4,0,1,4,0,0,5,0,1,5,0,5,3,0,0,0,2,5,0,5,0,4,4,0,0,15,4
199,6,Bonk,6,80.901,75.72113,69.591,83.335,75,65.38,---,---,50,100,---,---,33.33,---,---,0,---,33.33,100,---,---,---,100,100,---,100,---,100,50,---,---,9EE1F5,2AB3D6,0,0,4,1,0,0,3,0,0,1,0,3,4,0,0,0,2,2,0,1,0,1,4,0,0,8,2
2,7,term,7,76.166,65.187,55.338,65.722,66.67,62.2,63.64,---,0,75,---,---,80.95,100,---,73.91,0,50,50,---,---,---,75,59.09,---,63.64,---,64,44.44,100,0,F1E980,EAEAEA,22,0,1,16,0,0,21,1,0,23,3,26,22,0,0,0,4,22,0,11,0,25,9,2,1,75,15
136,8,Rook,8,72.884,73.157,70.385,100,83.33,75,100,---,---,0,---,---,66.67,---,---,---,---,---,50,---,---,---,100,100,---,100,---,0,100,---,---,9EE1F5,2AB3D6,2,0,0,1,0,0,3,0,0,0,0,0,2,0,0,0,2,2,0,2,0,1,1,0,0,6,1
87,9,Bolt,9,72.783,64.84377,57.621,68.53053,71.43,66.07,50,---,---,100,---,---,45.45,---,---,83.33,---,40,75,---,---,---,---,57.14,---,75,---,80,100,---,---,9EE1F5,2AB3D6,4,0,0,5,0,0,11,0,0,6,0,5,8,0,0,0,0,7,0,4,0,5,1,0,0,21,4
107,10,santo,10,71.686,75.50743,72.753,83.335,83.33,71.88,100,---,---,100,---,---,60,---,---,100,---,83.33,66.67,---,---,---,---,50,---,0,---,80,---,---,---,9EE1F5,2AB3D6,2,0,0,2,0,0,5,0,0,2,0,6,3,0,0,0,0,6,0,1,0,5,0,0,0,12,2
26,11,Arc,11,71.168,65.89957,53.349,86.68857,75,62.5,40,---,---,50,---,---,50,---,100,0,---,100,100,---,---,---,---,60,---,33.33,---,66.67,---,---,---,9EE1F5,2AB3D6,5,0,0,4,0,0,2,0,2,1,0,3,4,0,0,0,0,5,0,3,0,3,0,0,0,12,2
120,12,seb,12,70.608,72.23558,66.934,84.20889,75,67.65,85.71,---,---,100,---,---,66.67,---,---,66.67,---,40,50,---,---,---,---,66.67,---,80,---,50,100,---,---,9EE1F5,2AB3D6,7,0,0,1,0,0,3,0,0,3,0,5,4,0,0,0,0,3,0,5,0,2,1,0,0,12,2
50,13,zoeee,13,70.205,80.44021,73.397,73.80714,60,51.72,50,---,75,100,---,---,0,---,---,100,---,50,40,---,---,---,50,66.67,---,66.67,---,---,0,---,---,9EE1F5,2AB3D6,2,0,4,2,0,0,2,0,0,1,0,2,5,0,0,0,2,3,0,3,0,0,3,0,0,10,2
188,14,Ez,14,70.103,88.462,88.462,100,50,55.56,0,---,---,100,---,---,100,---,---,---,---,100,---,---,---,---,0,50,---,0,---,---,---,---,---,9EE1F5,2AB3D6,1,0,0,1,0,0,2,0,0,0,0,1,0,0,0,0,1,2,0,1,0,0,0,0,0,2,1
161,15,splatkid9,15,69.739,79.968,74.039,83.33,66.67,52.63,100,---,0,50,---,---,75,---,---,100,---,0,50,---,---,---,0,50,---,---,---,50,50,---,---,9EE1F5,2AB3D6,1,0,1,2,0,0,4,0,0,1,0,1,2,0,0,0,1,2,0,0,0,2,2,0,0,6,1
18,16,Raphy..,16,68.558,69.703,62.272,75.959,64.29,53.66,50,---,---,---,---,---,40,---,0,71.43,---,80,0,0,---,---,---,50,---,50,---,100,---,---,---,9EE1F5,2AB3D6,6,0,0,0,0,0,5,0,1,7,0,5,1,1,0,0,0,6,0,8,0,1,0,0,0,14,4
201,17,Sky,17,68.31,77.20333,66.286,83.33,66.67,60,---,---,75,0,---,---,100,---,---,---,---,100,0,---,---,---,100,50,---,50,---,100,50,---,---,9EE1F5,2AB3D6,0,0,4,1,0,0,2,0,0,0,0,1,3,0,0,0,1,2,0,2,0,2,2,0,0,6,1
165,18,bryan,18,67.972,75.601,75.601,100,100,91.67,100,---,100,100,---,---,100,---,---,100,---,---,100,---,---,---,---,100,---,---,---,50,100,---,---,9EE1F5,2AB3D6,1,0,1,1,0,0,2,0,0,1,0,0,2,0,0,0,0,1,0,0,0,2,1,0,0,4,1
166,18,ayden,18,67.972,75.601,75.601,100,100,91.67,100,---,100,100,---,---,100,---,---,100,---,---,100,---,---,---,---,100,---,---,---,50,100,---,---,9EE1F5,2AB3D6,1,0,1,1,0,0,2,0,0,1,0,0,2,0,0,0,0,1,0,0,0,2,1,0,0,4,1
117,20,Paper,20,66.476,73.50634,59.476,56.91806,52.94,47.27,42.86,---,33.33,100,---,---,28.57,---,---,50,---,60,25,---,---,---,50,60,---,40,---,80,20,---,---,9EE1F5,2AB3D6,7,0,3,3,0,0,7,0,0,4,0,5,4,0,0,0,2,5,0,5,0,5,5,0,0,17,4
162,21,Neo,21,65.636,79.968,74.039,83.33,66.67,52.63,100,---,0,50,---,---,75,---,---,100,---,0,50,---,---,---,0,50,---,---,---,50,50,---,---,9EE1F5,2AB3D6,1,0,1,2,0,0,4,0,0,1,0,1,2,0,0,0,1,2,0,0,0,2,2,0,0,6,1
74,22,nishi,22,64.796,62.52586,54.167,81.95429,77.78,62.07,0,---,---,0,---,---,100,---,---,50,---,66.67,0,---,---,---,50,100,---,100,---,100,100,---,75,9EE1F5,2AB3D6,2,0,0,1,0,0,4,0,0,4,0,3,3,0,0,0,2,1,0,2,0,1,2,0,4,9,2
85,23,Glash,23,64.684,60.24415,55.277,87.88,80,74.19,66.67,---,---,33.33,---,---,83.33,---,---,100,---,80,50,---,---,---,---,66.67,---,100,---,100,---,---,---,9EE1F5,2AB3D6,3,0,0,3,0,0,6,0,0,3,0,5,4,0,0,0,0,3,0,1,0,3,0,0,0,10,2
156,24,booga,24,63.977,87.6922,79.808,80,60,53.85,50,---,---,100,---,---,100,---,---,0,---,50,33.33,---,---,---,---,0,---,---,---,---,100,---,---,9EE1F5,2AB3D6,2,0,0,1,0,0,2,0,0,1,0,2,3,0,0,0,0,1,0,0,0,0,1,0,0,5,1
182,25,Megu,25,63.788,76.96283,66.707,75,66.67,56.52,66.67,---,100,0,---,---,60,---,---,---,---,66.67,---,---,---,---,100,25,---,50,---,0,100,---,---,9EE1F5,2AB3D6,3,0,2,1,0,0,5,0,0,0,0,3,0,0,0,0,1,4,0,2,0,1,1,0,0,6,1
183,25,Dynaman,25,63.788,76.96283,66.707,75,66.67,56.52,66.67,---,100,0,---,---,60,---,---,---,---,66.67,---,---,---,---,100,25,---,50,---,0,100,---,---,9EE1F5,2AB3D6,3,0,2,1,0,0,5,0,0,0,0,3,0,0,0,0,1,4,0,2,0,1,1,0,0,6,1
78,27,Cato Drew,27,63.548,70.76323,49.333,67.11563,55.56,52,75,---,---,37.5,---,---,50,---,---,50,---,33.33,60,---,---,---,---,25,---,83.33,---,66.67,0,33.33,---,9EE1F5,2AB3D6,4,0,0,8,0,0,4,0,0,4,0,3,10,0,0,0,0,4,0,6,0,3,1,3,0,18,4
138,28,Ballistic,28,62.674,80.481,75.321,88.89,60,60,0,---,---,100,---,---,33.33,---,---,0,---,---,50,---,---,---,---,100,---,66.67,---,100,100,---,---,9EE1F5,2AB3D6,1,0,0,1,0,0,3,0,0,1,0,0,2,0,0,0,0,2,0,3,0,1,1,0,0,5,1
83,29,eliasmo,29,62.556,65.35029,58.345,90.91,72.73,64.71,33.33,---,---,33.33,---,---,75,---,---,100,---,100,40,---,---,---,---,33.33,---,100,---,75,---,---,---,9EE1F5,2AB3D6,3,0,0,3,0,0,8,0,0,2,0,5,5,0,0,0,0,3,0,1,0,4,0,0,0,11,2
14,30,Tuna,30,62.393,72.186,60.558,52.161,45.1,47.14,40,---,75,37.5,---,---,40,---,100,57.14,---,46.15,44.44,---,---,50,66.67,50,100,46.15,---,53.85,22.22,---,20,9EE1F5,2AB3D6,5,0,8,8,0,0,15,0,1,7,0,13,18,0,0,2,6,16,1,13,0,13,9,0,5,51,12
29,31,Different,31,62.041,61.11106,51.477,58.16,68,62.9,57.14,---,---,60,---,---,57.14,---,50,87.5,---,88.89,66.67,---,---,---,100,40,---,60,---,50,0,---,0,9EE1F5,2AB3D6,7,0,0,5,0,0,7,0,2,8,0,9,3,0,0,0,1,5,0,5,0,8,1,0,1,25,5
153,32,Saxx,32,61.482,54.928,48.077,60,75,77.78,100,---,---,100,---,---,50,---,---,100,---,100,100,---,---,---,---,100,---,---,---,---,0,---,---,9EE1F5,2AB3D6,1,0,0,1,0,0,2,0,0,1,0,1,1,0,0,0,0,1,0,0,0,0,1,0,0,4,1
121,33,Coolbe,33,61.292,84.61525,80.929,78.95,75,66.67,100,---,---,---,---,---,0,---,---,100,---,100,0,---,---,---,---,50,---,100,---,100,---,---,---,9EE1F5,2AB3D6,1,0,0,0,0,0,1,0,0,1,0,1,1,0,0,0,0,2,0,1,0,1,0,0,0,4,1
140,34,Candy,34,60.952,74.45911,60.881,64.585,60,48.48,50,---,---,50,---,---,25,---,---,33.33,---,50,60,---,---,---,---,66.67,---,0,---,66.67,---,---,---,9EE1F5,2AB3D6,4,0,0,4,0,0,4,0,0,3,0,2,5,0,0,0,0,6,0,2,0,3,0,0,0,10,2
160,35,LKFrano,35,60.433,64.06225,55.769,60,75,66.67,100,---,---,100,---,---,0,---,---,100,---,100,0,---,---,---,---,100,---,---,---,---,50,---,---,9EE1F5,2AB3D6,1,0,0,1,0,0,1,0,0,1,0,1,1,0,0,0,0,1,0,0,0,0,2,0,0,4,1
134,36,boby,36,60.097,78.36533,78.365,100,100,80,---,---,---,50,---,---,100,---,---,100,---,---,0,---,---,---,---,100,---,100,---,100,---,---,---,9EE1F5,2AB3D6,0,0,0,2,0,0,1,0,0,1,0,0,1,0,0,0,0,1,0,2,0,2,0,0,0,3,1
123,37,kypy,37,60.063,67.7886,61.058,73.68,80,76.92,100,---,---,100,---,---,100,---,---,100,---,50,100,---,---,---,---,100,---,0,---,50,---,---,---,9EE1F5,2AB3D6,2,0,0,1,0,0,1,0,0,2,0,2,1,0,0,0,0,1,0,1,0,2,0,0,0,5,1
148,38,pierrot,38,58.834,78.4855,62.019,58.46,50,53.33,80,---,---,66.67,---,---,66.67,---,---,50,---,75,0,---,---,---,---,20,---,100,---,33.33,33.33,---,---,9EE1F5,2AB3D6,5,0,0,3,0,0,3,0,0,2,0,4,1,0,0,0,0,5,0,1,0,3,3,0,0,8,2
129,39,bishop,39,58.581,75.3848,75.385,100,100,85.71,100,---,---,100,---,---,---,---,---,100,---,---,---,---,---,---,---,100,---,100,---,0,---,---,---,9EE1F5,2AB3D6,3,0,0,2,0,0,0,0,0,2,0,0,0,0,0,0,0,2,0,3,0,2,0,0,0,5,1
135,40,wyl_,40,58.302,74.94667,62.692,58.335,55.56,56.52,33.33,---,---,50,---,---,100,---,---,0,---,---,75,---,---,---,0,33.33,---,100,---,50,100,---,---,9EE1F5,2AB3D6,3,0,0,4,0,0,2,0,0,1,0,0,4,0,0,0,1,3,0,2,0,2,1,0,0,9,2
94,41,Tacos!,41,58.253,75.66125,71.555,88.89,75,69.23,100,---,---,100,---,---,66.67,---,---,100,---,0,100,---,---,---,---,---,---,0,---,50,---,---,---,9EE1F5,2AB3D6,2,0,0,1,0,0,3,0,0,1,0,1,2,0,0,0,0,0,0,1,0,2,0,0,0,4,1
1,42,Finazon,42,57.758,66.756,51.086,39.626,48.57,51.65,66.67,---,0,44.44,---,---,75,---,100,66.67,---,45.45,22.22,---,---,---,100,33.33,---,20,---,85.71,100,0,---,9EE1F5,2AB3D6,12,0,1,9,0,0,8,0,1,6,0,11,9,0,0,0,2,9,0,10,0,7,4,2,0,35,8
127,43,meigi,43,56.392,73.21151,61.44,51.0755,47.37,46.3,20,---,---,60,---,---,40,---,---,57.14,---,40,16.67,---,---,---,100,28.57,---,57.14,---,100,50,---,---,9EE1F5,2AB3D6,5,0,0,5,0,0,5,0,0,7,0,5,6,0,0,0,1,7,0,7,0,4,2,0,0,19,4
95,44,Jasmine,44,56.324,68.606,63.762,77.78,80,73.33,100,---,---,100,---,---,50,---,---,66.67,---,50,66.67,---,---,---,---,100,---,---,---,100,---,---,---,9EE1F5,2AB3D6,1,0,0,1,0,0,2,0,0,3,0,2,3,0,0,0,0,1,0,0,0,2,0,0,0,5,1
96,44,Zoyo,44,56.324,68.606,63.762,77.78,80,73.33,100,---,---,100,---,---,50,---,---,66.67,---,50,66.67,---,---,---,---,100,---,---,---,100,---,---,---,9EE1F5,2AB3D6,1,0,0,1,0,0,2,0,0,3,0,2,3,0,0,0,0,1,0,0,0,2,0,0,0,5,1
164,46,Bau,46,54.603,78.78625,65.746,66.67,50,46.67,0,---,100,100,---,---,0,---,---,50,---,100,0,---,---,---,100,---,---,100,---,100,0,---,---,9EE1F5,2AB3D6,2,0,1,1,0,0,2,0,0,2,0,1,2,0,0,0,1,0,0,1,0,1,1,0,0,4,1
200,47,Celele,47,54.549,77.04325,59.976,66.67,50,42.86,---,---,50,---,---,---,0,---,---,0,---,0,100,---,---,---,100,100,---,---,---,100,0,---,---,9EE1F5,2AB3D6,0,0,2,0,0,0,2,0,0,1,0,2,2,0,0,0,1,1,0,0,0,1,2,0,0,4,1
15,48,Cafy,48,52.448,64.194,34.008,38.205,53.33,53.49,50,---,---,25,---,---,0,---,66.67,50,---,60,66.67,---,---,100,0,66.67,---,50,---,75,---,---,---,9EE1F5,2AB3D6,2,0,0,4,0,0,2,0,3,2,0,5,6,0,0,1,2,6,0,6,0,4,0,0,0,15,4
191,49,roxymoron,49,51.95,71.394,48.558,66.67,50,41.67,---,---,50,0,---,---,0,---,---,---,---,0,50,---,---,---,100,0,---,100,---,---,100,---,---,9EE1F5,2AB3D6,0,0,2,1,0,0,1,0,0,0,0,2,2,0,0,0,1,1,0,1,0,0,1,0,0,4,1
192,49,CommaTOSU,49,51.95,71.394,48.558,66.67,50,41.67,---,---,50,0,---,---,0,---,---,---,---,0,50,---,---,---,100,0,---,100,---,---,100,---,---,9EE1F5,2AB3D6,0,0,2,1,0,0,1,0,0,0,0,2,2,0,0,0,1,1,0,1,0,0,1,0,0,4,1
131,51,HYPERFRESH,51,51.933,76.6826,65.986,42.22,42.86,47.62,33.33,---,100,0,---,---,50,---,---,0,---,100,---,100,---,---,---,100,---,33.33,---,0,66.67,---,---,9EE1F5,2AB3D6,3,0,1,1,0,0,2,0,0,3,0,1,0,1,0,0,0,2,0,3,0,1,3,0,0,7,2
157,52,Lucky,52,51.71,87.2112,74.519,70,40,35.71,0,---,---,0,---,---,50,---,---,---,---,50,50,---,---,---,---,---,---,---,---,---,100,---,---,9EE1F5,2AB3D6,2,0,0,3,0,0,4,0,0,0,0,2,2,0,0,0,0,0,0,0,0,0,1,0,0,5,1
202,53,TITAN,53,50.804,72.8365,57.212,50,50,50,100,---,0,100,---,---,0,---,---,---,---,100,0,---,---,---,0,50,---,50,---,100,100,---,---,9EE1F5,2AB3D6,1,0,2,1,0,0,1,0,0,0,0,1,1,0,0,0,1,2,0,2,0,1,1,0,0,4,1
105,54,PocketAsparagus,54,50.514,69.16683,52.043,36.59108,41.94,43.59,33.33,---,---,33.33,---,---,50,---,---,25,---,62.5,45.45,---,---,---,---,55.56,---,50,---,33.33,100,---,---,9EE1F5,2AB3D6,6,0,0,9,0,0,8,0,0,8,0,8,11,0,0,0,0,9,0,6,0,12,1,0,0,31,7
125,55,houdini,55,50.442,69.55117,59.736,63.16,66.67,55.56,100,---,---,50,---,---,0,---,---,50,---,0,100,---,---,---,---,50,---,100,---,75,---,---,---,9EE1F5,2AB3D6,2,0,0,2,0,0,2,0,0,2,0,2,1,0,0,0,0,2,0,1,0,4,0,0,0,6,1
88,56,Leniah,56,50.388,77.72433,66.587,63.64,66.67,75,100,---,---,100,---,---,50,---,---,100,---,100,---,---,---,---,---,50,---,---,---,---,---,---,---,9EE1F5,2AB3D6,1,0,0,1,0,0,2,0,0,1,0,1,0,0,0,0,0,2,0,0,0,0,0,0,0,3,1
172,57,VelocityX9,57,49.966,57.9328,35.337,50,60,58.33,---,---,100,50,---,---,50,---,---,50,---,100,---,---,---,---,100,0,---,---,---,100,0,---,---,9EE1F5,2AB3D6,0,0,1,2,0,0,2,0,0,2,0,1,0,0,0,0,1,1,0,0,0,1,1,0,0,5,1
173,57,Utsu,57,49.966,57.9328,35.337,50,60,58.33,---,---,100,50,---,---,50,---,---,50,---,100,---,---,---,---,100,0,---,---,---,100,0,---,---,9EE1F5,2AB3D6,0,0,1,2,0,0,2,0,0,2,0,1,0,0,0,0,1,1,0,0,0,1,1,0,0,5,1
11,59,Nof24,59,48.62,59.539,55.95,80.664,70,58.62,75,---,---,75,---,---,0,---,0,100,---,100,50,---,---,---,0,100,---,100,---,0,---,---,100,9EE1F5,2AB3D6,4,0,0,4,0,0,1,0,1,1,0,2,8,0,0,0,1,1,0,2,0,3,0,0,1,10,2
154,60,Melon,60,48.529,64.1825,36.298,60,50,50,100,---,---,100,---,---,100,---,---,0,---,100,0,---,---,---,---,0,---,---,---,---,0,---,---,9EE1F5,2AB3D6,1,0,0,1,0,0,1,0,0,1,0,1,1,0,0,0,0,1,0,0,0,0,1,0,0,4,1
86,61,Lidl,61,48.29,60.3364,42.197,55.22333,62.5,60,50,---,---,100,---,---,0,---,---,66.67,---,50,100,---,---,---,---,50,---,100,---,100,---,---,---,9EE1F5,2AB3D6,4,0,0,1,0,0,3,0,0,3,0,2,2,0,0,0,0,2,0,1,0,2,0,0,0,8,2
139,62,Fluffy,62,47.611,78.84625,68.75,55.56,50,44.44,100,---,---,0,---,---,100,---,---,---,---,---,0,---,---,---,0,0,---,100,---,---,100,---,---,9EE1F5,2AB3D6,1,0,0,1,0,0,1,0,0,0,0,0,1,0,0,0,1,2,0,1,0,0,1,0,0,4,1
75,63,tako,63,47.383,82.9808,78.365,83.33,60,52.38,---,---,---,---,---,---,33.33,---,---,33.33,---,50,100,---,---,---,50,---,---,---,---,---,33.33,---,75,9EE1F5,2AB3D6,0,0,0,0,0,0,3,0,0,3,0,2,2,0,0,0,4,0,0,0,0,0,3,0,4,5,1
97,64,dragib,64,47.057,58.173,48.237,55.56,75,66.67,50,---,---,---,---,---,0,---,---,100,---,100,100,---,---,---,---,100,---,---,---,100,---,---,---,9EE1F5,2AB3D6,2,0,0,0,0,0,2,0,0,1,0,1,1,0,0,0,0,1,0,0,0,1,0,0,0,4,1
124,64,Rocko,64,47.057,74.46589,58.654,48.11778,44.44,50,0,---,---,66.67,---,---,33.33,---,---,50,---,40,100,---,---,---,---,75,---,50,---,50,---,---,---,9EE1F5,2AB3D6,3,0,0,3,0,0,3,0,0,4,0,5,2,0,0,0,0,4,0,2,0,2,0,0,0,9,2
180,66,noctura,66,46.836,59.73575,31.01,50,50,54.55,100,---,0,---,---,---,0,---,---,100,---,50,---,---,---,---,---,100,---,---,---,100,0,---,---,9EE1F5,2AB3D6,1,0,1,0,0,0,2,0,0,1,0,2,0,0,0,0,0,2,0,0,0,1,1,0,0,4,1
181,66,Castella,66,46.836,59.73575,31.01,50,50,54.55,100,---,0,---,---,---,0,---,---,100,---,50,---,---,---,---,---,100,---,---,---,100,0,---,---,9EE1F5,2AB3D6,1,0,1,0,0,0,2,0,0,1,0,2,0,0,0,0,0,2,0,0,0,1,1,0,0,4,1
63,68,Leon,68,45.595,47.596,47.596,100,100,92.86,100,---,---,100,---,---,---,---,---,100,---,---,100,---,---,---,---,50,---,100,---,---,100,---,---,9EE1F5,2AB3D6,2,0,0,2,0,0,0,0,0,2,0,0,2,0,0,0,0,2,0,2,0,0,2,0,0,5,1
47,69,yannick,69,45.466,67.7285,67.729,100,100,91.67,50,---,---,100,---,---,100,---,---,---,---,100,100,---,---,---,---,---,---,---,---,100,---,---,---,9EE1F5,2AB3D6,2,0,0,2,0,0,1,0,0,0,0,1,4,0,0,0,0,0,0,0,0,2,0,0,0,4,1
48,69,nami,69,45.466,67.7285,67.729,100,100,91.67,50,---,---,100,---,---,100,---,---,---,---,100,100,---,---,---,---,---,---,---,---,100,---,---,---,9EE1F5,2AB3D6,2,0,0,2,0,0,1,0,0,0,0,1,4,0,0,0,0,0,0,0,0,2,0,0,0,4,1
122,71,PayUrTaxes,71,45.243,83.5576,77.164,57.89,40,50,50,---,---,50,---,---,0,---,---,100,---,100,100,---,---,---,---,0,---,50,---,0,---,---,---,9EE1F5,2AB3D6,2,0,0,2,0,0,1,0,0,1,0,2,2,0,0,0,0,2,0,2,0,2,0,0,0,5,1
70,72,--- 1,72,44.954,76.65578,73.461,59.52,55.56,46.43,33.33,---,---,50,---,---,0,---,---,0,---,0,66.67,---,---,---,---,66.67,---,33.33,---,100,80,---,50,9EE1F5,2AB3D6,3,0,0,2,0,0,1,0,0,4,0,1,3,0,0,0,0,3,0,3,0,1,5,0,2,9,2
169,73,aurelia,73,44.841,50.5288,25.401,33.33,60,63.64,100,---,50,100,---,---,50,---,---,0,---,100,---,---,---,---,100,---,---,---,---,100,0,---,---,9EE1F5,2AB3D6,1,0,2,1,0,0,2,0,0,1,0,1,0,0,0,0,1,0,0,0,0,1,1,0,0,5,1
170,73,KkelVi,73,44.841,50.5288,25.401,33.33,60,63.64,100,---,50,100,---,---,50,---,---,0,---,100,---,---,---,---,100,---,---,---,---,100,0,---,---,9EE1F5,2AB3D6,1,0,2,1,0,0,2,0,0,1,0,1,0,0,0,0,1,0,0,0,0,1,1,0,0,5,1
82,75,Samba4k,75,44.581,70.43259,52.884,38.53375,40,40,25,---,---,50,---,---,0,---,---,33.33,---,33.33,33.33,---,---,---,---,0,---,80,---,40,---,100,---,9EE1F5,2AB3D6,4,0,0,4,0,0,1,0,0,3,0,3,3,0,0,0,0,5,0,5,0,5,0,2,0,15,4
133,76,Toaster,76,43.09,76.87234,58.894,29.16667,33.33,44.44,50,---,---,100,---,---,33.33,---,---,100,---,66.67,0,---,---,---,---,0,---,100,---,0,50,---,---,9EE1F5,2AB3D6,2,0,0,1,0,0,3,0,0,1,0,3,2,0,0,0,0,2,0,1,0,1,2,0,0,6,2
3,77,Aleshiro,77,42.393,64.808,63.582,66.667,66.67,66.67,66.67,---,---,100,---,---,---,---,100,---,---,100,100,---,---,---,---,33.33,---,100,---,25,---,---,---,9EE1F5,2AB3D6,3,0,0,1,0,0,0,0,1,0,0,3,1,0,0,0,0,3,0,2,0,4,0,0,0,6,2
99,78,Atlas,78,42.375,85.529,83.774,66.67,40,37.5,0,---,---,---,---,---,0,---,---,25,---,100,100,---,---,---,---,50,---,100,---,0,---,---,---,9EE1F5,2AB3D6,2,0,0,0,0,0,3,0,0,4,0,1,2,0,0,0,0,2,0,1,0,1,0,0,0,5,1
100,78,Chamo,78,42.375,85.529,83.774,66.67,40,37.5,0,---,---,---,---,---,0,---,---,25,---,100,100,---,---,---,---,50,---,100,---,0,---,---,---,9EE1F5,2AB3D6,2,0,0,0,0,0,3,0,0,4,0,1,2,0,0,0,0,2,0,1,0,1,0,0,0,5,1
44,80,prosper,80,42.208,58.654,58.654,100,100,88.89,---,---,---,---,---,---,---,---,66.67,---,---,---,100,---,---,---,---,100,---,100,---,100,---,---,---,9EE1F5,2AB3D6,0,0,0,0,0,0,0,0,3,0,0,0,1,0,0,0,0,1,0,1,0,3,0,0,0,3,1
98,81,blush_,81,41.369,63.8825,56.611,55.56,50,55.56,0,---,---,---,---,---,50,---,---,50,---,100,50,---,---,---,---,---,---,---,---,100,---,---,---,9EE1F5,2AB3D6,1,0,0,0,0,0,2,0,0,2,0,1,2,0,0,0,0,0,0,0,0,1,0,0,0,4,1
203,82,Blueblaze,82,41.249,56.851,27.644,33.33,50,50,---,---,100,---,---,---,100,---,---,100,---,100,---,---,---,---,0,0,---,0,---,0,100,---,---,9EE1F5,2AB3D6,0,0,1,0,0,0,1,0,0,1,0,1,0,0,0,0,1,1,0,2,0,1,1,0,0,4,1
204,82,Word,82,41.249,56.851,27.644,33.33,50,50,---,---,100,---,---,---,100,---,---,100,---,100,---,---,---,---,0,0,---,0,---,0,100,---,---,9EE1F5,2AB3D6,0,0,1,0,0,0,1,0,0,1,0,1,0,0,0,0,1,1,0,2,0,1,1,0,0,4,1
155,84,Toki,84,41.105,67.019,45.192,40,40,46.67,33.33,---,---,0,---,---,66.67,---,---,0,---,66.67,100,---,---,---,---,0,---,---,---,---,---,---,---,9EE1F5,2AB3D6,3,0,0,2,0,0,3,0,0,1,0,3,2,0,0,0,0,1,0,0,0,0,0,0,0,5,1
126,85,Colet,85,41.032,85.4565,97.115,52.63,25,40,0,---,---,---,---,---,100,---,---,50,---,0,100,---,---,---,---,0,---,100,---,0,---,---,---,9EE1F5,2AB3D6,1,0,0,0,0,0,1,0,0,2,0,1,1,0,0,0,0,1,0,1,0,2,0,0,0,4,1
141,86,Luigia,86,40.209,55.168,12.981,50,50,50,100,---,---,100,---,---,---,---,---,0,---,---,50,---,---,---,---,0,---,0,---,100,---,---,---,9EE1F5,2AB3D6,1,0,0,1,0,0,0,0,0,1,0,0,2,0,0,0,0,1,0,1,0,1,0,0,0,4,1
109,87,Zyler,87,39.857,63.34125,30.289,55.56,50,55.56,0,---,---,100,---,---,0,---,---,0,---,100,100,---,---,---,---,100,---,---,---,50,---,---,---,9EE1F5,2AB3D6,1,0,0,1,0,0,1,0,0,1,0,1,1,0,0,0,0,1,0,0,0,2,0,0,0,4,1
108,88,spinel,88,38.317,60.09625,27.404,55.56,50,50,0,---,---,100,---,---,---,---,---,0,---,100,100,---,---,---,---,0,---,---,---,50,---,---,---,9EE1F5,2AB3D6,1,0,0,1,0,0,0,0,0,1,0,1,1,0,0,0,0,1,0,0,0,2,0,0,0,4,1
112,89,Nathpro,89,37.957,56.66447,19.887,32.93091,40,39.13,0,---,---,33.33,---,---,0,---,---,100,---,25,100,---,---,---,---,100,---,---,---,0,33.33,---,---,9EE1F5,2AB3D6,4,0,0,3,0,0,1,0,0,3,0,4,1,0,0,0,0,2,0,0,0,2,3,0,0,10,2
12,90,NomNom,90,37.567,38.462,37.981,100,85.71,75,100,---,---,---,---,---,100,---,66.67,50,---,66.67,66.67,---,---,---,100,100,---,0,---,---,---,---,---,9EE1F5,2AB3D6,1,0,0,0,0,0,1,0,3,2,0,3,3,0,0,0,3,3,0,1,0,0,0,0,0,7,1
110,91,Kanga,91,37.549,56.891,35.577,44.44,50,56.25,100,---,---,0,---,---,100,---,---,50,100,66.67,100,---,---,---,---,50,---,0,---,33.33,---,---,---,9EE1F5,2AB3D6,1,0,0,1,0,0,1,0,0,2,1,3,1,0,0,0,0,2,0,1,0,3,0,0,0,6,1
163,92,Mars,92,37.516,67.38767,44.471,33.33,33.33,44.44,---,---,100,0,---,---,50,---,---,0,---,---,---,---,---,---,---,---,---,0,---,0,100,---,---,9EE1F5,2AB3D6,0,0,1,1,0,0,2,0,0,1,0,0,0,0,0,0,0,0,0,1,0,1,2,0,0,3,1
190,93,hydrabubu,93,37.2,70.91333,47.115,33.33,33.33,37.5,---,---,0,---,---,---,100,---,---,---,---,---,0,---,---,---,0,0,---,50,---,---,100,---,---,9EE1F5,2AB3D6,0,0,1,0,0,0,1,0,0,0,0,0,1,0,0,0,1,1,0,2,0,0,1,0,0,3,1
25,94,Daki,94,37.15,56.73067,56.731,100,100,93.33,100,---,---,100,---,---,---,---,0,100,---,100,100,---,---,---,---,100,---,100,---,100,---,---,---,9EE1F5,2AB3D6,3,0,0,1,0,0,0,0,1,2,0,2,1,0,0,0,0,2,0,2,0,1,0,0,0,6,1
8,95,mango fv,95,37.146,54.038,53.245,90,80,76.92,---,---,---,---,---,---,100,---,50,100,---,50,100,---,---,---,50,100,---,100,---,---,---,---,---,9EE1F5,2AB3D6,0,0,0,0,0,0,1,0,2,2,0,2,2,0,0,0,2,1,0,1,0,0,0,0,0,5,1
45,96,Kevio,96,36.967,59.7116,50.321,75,60,50,100,---,---,---,---,---,---,---,66.67,0,---,0,0,---,---,---,---,100,---,---,---,40,---,---,---,9EE1F5,2AB3D6,1,0,0,0,0,0,0,0,3,1,0,1,1,0,0,0,0,2,0,0,0,5,0,0,0,5,1
118,97,Bakuma,97,36.679,80.9612,62.019,33.33,40,50,50,---,---,---,---,---,50,---,---,50,---,0,100,---,---,---,---,50,---,50,---,50,---,---,---,9EE1F5,2AB3D6,2,0,0,0,0,0,2,0,0,2,0,1,1,0,0,0,0,2,0,2,0,2,0,0,0,5,1
205,98,Chips,98,35.986,71.79467,33.413,33.33,33.33,37.5,0,---,0,---,---,---,0,---,---,---,---,---,100,---,---,---,---,0,---,100,---,0,100,---,---,9EE1F5,2AB3D6,1,0,1,0,0,0,1,0,0,0,0,0,1,0,0,0,0,1,0,1,0,1,1,0,0,3,1
206,98,A Slice,98,35.986,71.79467,33.413,33.33,33.33,37.5,0,---,0,---,---,---,0,---,---,---,---,---,100,---,---,---,---,0,---,100,---,0,100,---,---,9EE1F5,2AB3D6,1,0,1,0,0,0,1,0,0,0,0,0,1,0,0,0,0,1,0,1,0,1,1,0,0,3,1
104,100,jolt,100,35.239,47.837,47.837,22.22,100,75,---,---,---,---,---,---,---,---,---,---,---,100,100,---,---,---,---,100,---,---,---,0,---,---,---,9EE1F5,2AB3D6,0,0,0,0,0,0,0,0,0,0,0,1,1,0,0,0,0,1,0,0,0,1,0,0,0,1,1
64,101,luizent,101,34.832,51.50225,34.615,38.095,50,52.17,100,---,---,0,---,---,100,---,---,33.33,---,33.33,66.67,---,---,---,---,100,---,0,---,0,66.67,---,50,9EE1F5,2AB3D6,1,0,0,1,0,0,2,0,0,3,0,3,3,0,0,0,0,2,0,2,0,1,3,0,2,8,2
33,102,Yuyu,102,34.674,66.78686,20.052,17.14,33.33,42.31,50,---,---,50,---,---,25,---,---,50,---,25,66.67,---,---,---,---,60,---,16.67,---,50,0,---,---,9EE1F5,2AB3D6,6,0,0,6,0,0,4,0,0,4,0,8,6,0,0,0,0,5,0,6,0,6,1,0,0,21,6
27,103,starfi$h,103,34.363,58.56369,48.221,37.37,63.64,64.29,85.71,---,---,33.33,---,---,---,---,0,100,---,25,66.67,---,---,---,---,100,---,0,---,80,---,---,---,9EE1F5,2AB3D6,7,0,0,3,0,0,0,0,1,1,0,4,3,0,0,0,0,3,0,1,0,5,0,0,0,11,2
137,104,NodoDodo,104,34.264,79.7116,86.058,33.33,20,30.77,---,---,---,0,---,---,50,---,---,0,---,100,0,---,---,---,---,0,---,0,---,50,33.33,---,---,9EE1F5,2AB3D6,0,0,0,1,0,0,2,0,0,1,0,1,1,0,0,0,0,1,0,1,0,2,3,0,0,5,1
62,105,Koooo,105,33.963,62.019,42.548,57.14,50,45.45,0,---,---,0,---,---,---,---,---,100,---,100,0,---,---,---,---,66.67,---,100,---,---,0,---,---,9EE1F5,2AB3D6,1,0,0,1,0,0,0,0,0,1,0,1,2,0,0,0,0,3,0,1,0,0,1,0,0,4,1
77,106,Steam64137,106,32.995,50.40057,25.841,22.725,50,54.55,0,---,---,100,---,---,66.67,---,---,25,---,100,33.33,---,---,---,---,66.67,---,0,---,100,---,---,---,9EE1F5,2AB3D6,1,0,0,1,0,0,3,0,0,4,0,2,3,0,0,0,0,3,0,2,0,3,0,0,0,8,2
80,107,Flowery,107,32.952,69.07062,57.789,12.888,25,31.25,25,---,---,0,---,---,25,---,---,25,---,0,33.33,---,---,---,0,75,---,0,---,25,100,0,---,9EE1F5,2AB3D6,4,0,0,1,0,0,4,0,0,4,0,1,6,0,0,0,1,4,0,1,0,4,1,1,0,12,3
89,108,Sherbet,108,32.907,69.551,22.596,63.64,33.33,37.5,100,---,---,100,---,---,0,---,---,100,---,---,0,---,---,---,---,0,---,0,---,0,---,---,---,9EE1F5,2AB3D6,1,0,0,1,0,0,1,0,0,1,0,0,1,0,0,0,0,1,0,1,0,1,0,0,0,3,1
177,109,basil,109,32.825,40.8055,15.866,16.67,50,50,100,---,50,0,---,---,0,---,---,---,---,100,---,---,---,---,100,---,---,---,---,0,---,---,---,9EE1F5,2AB3D6,1,0,2,1,0,0,1,0,0,0,0,1,0,0,0,0,1,0,0,0,0,1,0,0,0,4,1
51,110,Shark,110,32.614,70.7935,63.582,50,50,41.67,50,---,---,100,---,---,0,---,---,---,---,0,50,---,---,---,100,0,---,0,---,---,0,---,---,9EE1F5,2AB3D6,2,0,0,2,0,0,1,0,0,0,0,1,2,0,0,0,1,1,0,1,0,0,1,0,0,4,1
197,111,h,111,31.24,62.41967,20.192,33.33,33.33,28.57,---,---,---,---,---,---,100,---,---,---,---,---,---,---,---,---,100,0,---,0,---,0,0,---,---,9EE1F5,2AB3D6,0,0,0,0,0,0,1,0,0,0,0,0,0,0,0,0,1,1,0,2,0,1,1,0,0,3,1
198,111,froyo,111,31.24,62.41967,20.192,33.33,33.33,28.57,---,---,---,---,---,---,100,---,---,---,---,---,---,---,---,---,100,0,---,0,---,0,0,---,---,9EE1F5,2AB3D6,0,0,0,0,0,0,1,0,0,0,0,0,0,0,0,0,1,1,0,2,0,1,1,0,0,3,1
111,113,SquibKid,113,30.656,46.71483,21.955,33.33,50,43.75,66.67,---,---,0,---,---,100,---,---,50,---,50,50,---,---,---,---,0,---,---,---,33.33,---,---,---,9EE1F5,2AB3D6,3,0,0,1,0,0,1,0,0,2,0,2,2,0,0,0,0,2,0,0,0,3,0,0,0,6,1
24,114,Mauve!,114,30.571,38.942,36.779,63.64,66.67,57.14,100,---,---,50,---,---,---,---,---,---,---,0,100,---,---,---,---,---,---,---,---,100,---,---,---,9EE1F5,2AB3D6,1,0,0,2,0,0,0,0,0,0,0,2,1,0,0,0,0,0,0,0,0,1,0,0,0,3,1
91,115,Fazukega,115,30.466,47.43583,22.276,36.36,50,47.06,50,---,---,0,---,---,100,---,---,0,---,50,0,---,---,---,---,100,---,50,---,0,---,---,---,9EE1F5,2AB3D6,2,0,0,1,0,0,3,0,0,2,0,2,1,0,0,0,0,2,0,2,0,2,0,0,0,6,1
101,116,KustKebab,116,30.259,65,39.063,33.33,40,41.67,50,---,---,---,---,---,66.67,---,---,0,---,0,50,---,---,---,---,---,---,---,---,50,---,---,---,9EE1F5,2AB3D6,2,0,0,0,0,0,3,0,0,1,0,2,2,0,0,0,0,0,0,0,0,2,0,0,0,5,1
42,117,fisneyyy,117,30.232,55.9614,34.295,50,60,58.33,0,---,---,---,---,---,---,---,50,100,---,100,100,---,---,---,---,0,---,0,---,100,---,---,---,9EE1F5,2AB3D6,2,0,0,0,0,0,0,0,2,1,0,2,2,0,0,0,0,1,0,1,0,1,0,0,0,5,1
189,118,Jimmy,118,29.205,63.822,28.606,0,50,40,100,---,0,---,---,---,0,---,---,---,---,---,100,---,---,---,---,---,---,---,---,---,0,---,---,9EE1F5,2AB3D6,1,0,1,0,0,0,1,0,0,0,0,0,1,0,0,0,0,0,0,0,0,0,1,0,0,2,1
37,119,Samino,119,28.97,70.05486,44.071,72.73,42.86,45,33.33,---,---,50,---,---,---,---,0,66.67,---,33.33,50,---,---,---,---,50,---,---,---,50,---,---,---,9EE1F5,2AB3D6,3,0,0,4,0,0,0,0,1,3,0,3,2,0,0,0,0,2,0,0,0,2,0,0,0,7,1
150,120,Huge,120,28.716,58.013,0.962,20,33.33,50,100,---,---,100,---,---,0,---,---,---,---,0,0,---,---,---,---,100,---,---,---,0,---,---,---,9EE1F5,2AB3D6,1,0,0,1,0,0,1,0,0,0,0,1,1,0,0,0,0,2,0,0,0,1,0,0,0,3,1
7,121,Svenja,121,28.641,81.41,72.356,75,66.67,52.38,75,---,---,---,---,---,---,---,---,---,---,80,75,---,---,---,---,0,---,---,---,25,---,---,---,9EE1F5,2AB3D6,4,0,0,0,0,0,0,0,0,0,0,5,4,0,0,0,0,4,0,0,0,4,0,0,0,6,1
9,122,Frook,122,28.385,37.5,27.645,60,66.67,71.43,100,---,---,---,---,---,---,---,100,100,---,---,100,---,---,---,0,0,---,100,---,---,---,---,---,9EE1F5,2AB3D6,1,0,0,0,0,0,0,0,1,1,0,0,1,0,0,0,1,1,0,1,0,0,0,0,0,3,1
22,123,dylan,123,28.12,39.303,28.366,60,75,60,---,---,---,---,---,---,---,---,0,100,---,50,100,---,---,---,100,0,---,0,---,---,---,---,---,9EE1F5,2AB3D6,0,0,0,0,0,0,0,0,1,1,0,2,3,0,0,0,1,1,0,1,0,0,0,0,0,4,1
176,124,Mango,124,27.457,44.79183,15.866,8.335,33.33,38.46,50,---,66.67,0,---,---,0,---,---,0,---,50,0,---,---,---,100,---,---,---,---,0,---,---,---,9EE1F5,2AB3D6,2,0,3,1,0,0,1,0,0,1,0,2,1,0,0,0,1,0,0,0,0,1,0,0,0,6,2
195,125,deco,125,27.146,69.55133,21.635,16.67,33.33,28.57,100,---,---,---,---,---,0,---,---,0,---,---,---,---,---,---,100,---,---,0,---,0,0,---,---,9EE1F5,2AB3D6,1,0,0,0,0,0,1,0,0,1,0,0,0,0,0,0,1,0,0,1,0,1,1,0,0,3,1
196,125,GoldenLocks,125,27.146,69.55133,21.635,16.67,33.33,28.57,100,---,---,---,---,---,0,---,---,0,---,---,---,---,---,---,100,---,---,0,---,0,0,---,---,9EE1F5,2AB3D6,1,0,0,0,0,0,1,0,0,1,0,0,0,0,0,0,1,0,0,1,0,1,1,0,0,3,1
132,127,Zerkyy_aim,127,27.128,69.872,35.096,20,33.33,33.33,---,---,---,---,---,---,100,---,---,---,---,---,0,---,---,---,---,0,---,0,---,---,100,---,---,9EE1F5,2AB3D6,0,0,0,0,0,0,1,0,0,0,0,0,1,0,0,0,0,1,0,2,0,0,1,0,0,3,1
187,128,Shira,128,26.816,62.9808,15.144,20.835,20,27.27,0,---,0,---,---,---,100,---,---,100,---,100,0,---,---,---,---,0,---,---,---,0,0,---,---,9EE1F5,2AB3D6,1,0,2,0,0,0,1,0,0,1,0,1,1,0,0,0,0,1,0,0,0,2,1,0,0,5,2
53,129,mimiko,129,26.612,50.8415,23.558,33.33,50,50,100,---,---,0,---,---,0,---,---,---,---,---,0,---,---,---,0,100,---,100,---,100,100,---,---,9EE1F5,2AB3D6,1,0,0,2,0,0,1,0,0,0,0,0,1,0,0,0,1,1,0,1,0,1,1,0,0,4,1
54,129,gie,129,26.612,50.8415,23.558,33.33,50,50,100,---,---,0,---,---,0,---,---,---,---,---,0,---,---,---,0,100,---,100,---,100,100,---,---,9EE1F5,2AB3D6,1,0,0,2,0,0,1,0,0,0,0,0,1,0,0,0,1,1,0,1,0,1,1,0,0,4,1
65,131,Oblivion,131,26.434,50.12,18.75,28.57,50,50,0,---,---,0,---,---,100,---,---,---,---,100,100,---,---,---,---,---,---,---,---,50,0,---,---,9EE1F5,2AB3D6,1,0,0,1,0,0,1,0,0,0,0,1,1,0,0,0,0,0,0,0,0,2,1,0,0,4,1
207,132,OmNomNom,132,26.01,55.689,18.269,16.67,33.33,28.57,0,---,0,100,---,---,0,---,---,---,---,---,---,---,---,---,---,100,---,---,---,0,0,---,---,9EE1F5,2AB3D6,1,0,1,1,0,0,1,0,0,0,0,0,0,0,0,0,0,1,0,0,0,1,1,0,0,3,1
208,132,Pengu,132,26.01,55.689,18.269,16.67,33.33,28.57,0,---,0,100,---,---,0,---,---,---,---,---,---,---,---,---,---,100,---,---,---,0,0,---,---,9EE1F5,2AB3D6,1,0,1,1,0,0,1,0,0,0,0,0,0,0,0,0,0,1,0,0,0,1,1,0,0,3,1
41,134,Zander,134,25.83,40.625,32.813,20.835,50,47.37,0,---,---,---,---,---,---,---,0,50,---,100,50,---,---,---,---,100,---,50,---,40,---,---,---,9EE1F5,2AB3D6,2,0,0,0,0,0,0,0,2,2,0,1,2,0,0,0,0,3,0,2,0,5,0,0,0,8,2
30,135,RipLBP,135,25.732,48.43725,27.644,54.55,50,50,100,---,---,---,---,---,---,---,0,0,---,100,100,---,---,---,---,0,---,---,---,50,---,---,---,9EE1F5,2AB3D6,1,0,0,0,0,0,0,0,1,1,0,1,1,0,0,0,0,1,0,0,0,2,0,0,0,4,1
115,136,Obs,136,25.212,58.92244,48.798,9.87556,25,27.78,100,---,---,0,---,---,0,---,---,0,0,33.33,0,---,---,---,---,0,---,0,---,66.67,0,---,---,9EE1F5,2AB3D6,2,0,0,1,0,0,2,0,0,1,1,3,1,0,0,0,0,2,0,1,0,3,1,0,0,8,2
20,137,BRUTUS,137,25.085,51.827,19.162,21.113,36.36,39.13,---,---,---,0,---,---,0,---,100,66.67,---,33.33,28.57,---,---,---,---,100,---,0,---,0,100,---,100,9EE1F5,2AB3D6,0,0,0,1,0,0,1,0,1,3,0,3,7,0,0,0,0,1,0,1,0,3,1,0,1,11,3
167,138,Snowman10,138,24.966,56.891,5.769,16.67,33.33,33.33,100,---,50,0,---,---,0,---,---,---,---,---,---,---,---,---,---,---,---,---,---,0,---,---,---,9EE1F5,2AB3D6,1,0,2,1,0,0,1,0,0,0,0,0,0,0,0,0,0,0,0,0,0,1,0,0,0,3,1
168,138,FuzzyOctopod,138,24.966,56.891,5.769,16.67,33.33,33.33,100,---,50,0,---,---,0,---,---,---,---,---,---,---,---,---,---,---,---,---,---,0,---,---,---,9EE1F5,2AB3D6,1,0,2,1,0,0,1,0,0,0,0,0,0,0,0,0,0,0,0,0,0,1,0,0,0,3,1
69,140,Fake Name,140,24.904,58.76873,20.128,10.57,25,26.32,25,---,---,25,---,---,33.33,---,---,33.33,---,25,0,---,---,---,---,50,---,0,---,33.33,50,---,---,9EE1F5,2AB3D6,4,0,0,4,0,0,3,0,0,3,0,4,6,0,0,0,0,4,0,2,0,6,2,0,0,16,4
130,141,Einhorn,141,24.389,63.141,32.212,14.29,33.33,33.33,0,---,---,0,---,---,100,---,---,0,---,100,---,---,---,---,---,50,---,0,---,0,---,---,---,9EE1F5,2AB3D6,1,0,0,1,0,0,1,0,0,1,0,1,0,0,0,0,0,2,0,1,0,1,0,0,0,3,1
90,142,Saturn <3,142,24.36,66.11143,29.537,14.77056,17.65,25,40,---,---,0,---,---,28.57,---,---,16.67,---,40,20,---,---,---,---,50,---,0,---,0,---,---,---,9EE1F5,2AB3D6,5,0,0,2,0,0,7,0,0,6,0,5,5,0,0,0,0,6,0,2,0,6,0,0,0,17,4
67,143,Lappy,143,24.024,58.01267,9.135,42.86,33.33,37.5,0,---,---,100,---,---,---,---,---,---,---,100,0,---,---,---,---,0,---,0,---,---,100,---,---,9EE1F5,2AB3D6,1,0,0,1,0,0,0,0,0,0,0,1,1,0,0,0,0,2,0,1,0,0,1,0,0,3,1
76,144,Ski6,144,22.954,75,49.519,16.67,33.33,33.33,---,---,---,---,---,---,---,---,---,100,---,0,100,---,---,---,0,---,---,---,---,---,0,---,0,9EE1F5,2AB3D6,0,0,0,0,0,0,0,0,0,1,0,1,1,0,0,0,1,0,0,0,0,0,1,0,1,3,1
142,145,anny,145,22.395,65.7692,14.423,25,20,25,0,---,---,0,---,---,---,---,---,0,---,50,33.33,---,---,---,---,---,---,50,---,0,---,---,---,9EE1F5,2AB3D6,1,0,0,1,0,0,0,0,0,1,0,2,3,0,0,0,0,0,0,2,0,2,0,0,0,5,1
146,146,kamek,146,22.106,63.17039,0.962,10.76923,20,33.33,0,---,---,---,---,---,50,---,---,0,---,0,0,---,---,0,---,25,---,---,---,50,100,---,100,9EE1F5,2AB3D6,1,0,0,0,0,0,2,0,0,1,0,1,1,0,0,1,0,4,0,0,0,2,1,0,1,5,2
186,147,Tonolus,147,21.837,53.68567,28.606,0,33.33,28.57,100,---,0,---,---,---,0,---,---,0,---,0,100,---,---,---,---,---,---,---,---,---,0,---,---,9EE1F5,2AB3D6,1,0,1,0,0,0,1,0,0,1,0,1,1,0,0,0,0,0,0,0,0,0,1,0,0,3,1
6,148,Anti,148,21.737,48.221,47.116,16.25,25,31.82,0,---,---,---,---,---,100,---,0,0,---,25,50,---,---,---,---,33.33,---,---,---,66.67,---,---,0,9EE1F5,2AB3D6,2,0,0,0,0,0,1,0,2,2,0,4,4,0,0,0,0,3,0,0,0,3,0,0,1,8,3
52,149,Alice,149,21.536,58.013,0,33.33,33.33,44.44,0,---,---,33.33,---,---,---,---,---,---,---,---,100,---,---,---,0,---,---,50,---,---,---,---,---,9EE1F5,2AB3D6,1,0,0,3,0,0,0,0,0,0,0,0,2,0,0,0,1,0,0,2,0,0,0,0,0,3,1
103,150,Pinch,150,21.4,62.56025,26.442,22.22,25,30,100,---,---,---,---,---,50,---,---,0,---,0,0,---,---,---,---,50,---,---,---,0,---,---,---,9EE1F5,2AB3D6,1,0,0,0,0,0,2,0,0,1,0,1,2,0,0,0,0,2,0,0,0,1,0,0,0,4,1
178,151,hiro,151,21.015,61.53856,15.144,10.4175,11.11,20,0,---,0,0,---,---,100,---,---,100,---,33.33,0,---,---,---,0,0,---,---,---,0,0,---,---,9EE1F5,2AB3D6,3,0,3,1,0,0,1,0,0,2,0,3,1,0,0,0,2,1,0,0,0,2,1,0,0,9,4
36,152,Jaiden,152,20.983,68.6917,9.375,10.32143,18.18,26.92,0,---,---,0,---,---,---,---,100,0,---,40,20,---,---,---,---,50,---,0,---,40,---,---,---,9EE1F5,2AB3D6,3,0,0,2,0,0,0,0,1,2,0,5,5,0,0,0,0,2,0,1,0,5,0,0,0,11,3
66,153,Mixed_soup,153,19.963,65.23164,21.635,18.82143,16.67,20,0,---,---,50,---,---,100,---,---,0,---,0,0,---,---,---,---,0,---,0,---,50,0,---,---,9EE1F5,2AB3D6,1,0,0,2,0,0,1,0,0,2,0,2,2,0,0,0,0,1,0,1,0,2,1,0,0,6,2
43,154,LunaZzero,154,19.128,47.917,36.058,33.33,33.33,28.57,0,---,---,0,---,---,---,---,50,---,---,0,0,---,---,---,---,---,---,100,---,---,---,---,---,9EE1F5,2AB3D6,1,0,0,1,0,0,0,0,2,0,0,1,1,0,0,0,0,0,0,1,0,0,0,0,0,3,1
16,155,zx.,155,18.607,42.789,29.327,50,33.33,33.33,50,---,---,---,---,---,0,---,---,0,---,100,0,---,---,---,---,---,---,---,---,---,---,---,---,9EE1F5,2AB3D6,2,0,0,0,0,0,1,0,0,1,0,1,1,0,0,0,0,0,0,0,0,0,0,0,0,3,1
113,156,Gibbons,156,18.24,61.899,35.096,0,25,33.33,0,---,---,0,---,---,---,---,---,50,---,0,0,---,---,---,---,100,---,---,---,50,---,---,---,9EE1F5,2AB3D6,1,0,0,1,0,0,0,0,0,2,0,1,1,0,0,0,0,1,0,0,0,2,0,0,0,4,1
34,157,Vee.,157,16.99,46.21388,12.5,18.18333,33.33,30.77,33.33,---,---,100,---,---,---,---,---,0,---,50,0,---,---,---,---,0,---,---,---,33.33,---,---,---,9EE1F5,2AB3D6,3,0,0,1,0,0,0,0,0,1,0,2,2,0,0,0,0,1,0,0,0,3,0,0,0,6,2
19,158,Yellow,158,16.989,38.942,4.808,50,33.33,33.33,0,---,---,---,---,---,---,---,100,0,---,0,0,---,---,---,---,100,---,---,---,---,---,---,---,9EE1F5,2AB3D6,1,0,0,0,0,0,0,0,1,1,0,1,1,0,0,0,0,1,0,0,0,0,0,0,0,3,1
55,159,Meow Meow,159,16.569,52.965,2.885,16.67,33.33,33.33,---,---,---,0,---,---,0,---,---,---,---,---,0,---,---,---,---,100,---,---,---,0,100,---,---,9EE1F5,2AB3D6,0,0,0,1,0,0,1,0,0,0,0,0,1,0,0,0,0,1,0,0,0,1,1,0,0,3,1
56,160,shuli,160,16.552,25.64133,0,16.67,33.33,42.86,0,---,---,---,---,---,100,---,---,100,---,---,---,---,---,---,100,0,---,---,---,0,0,---,---,9EE1F5,2AB3D6,1,0,0,0,0,0,1,0,0,1,0,0,0,0,0,0,1,1,0,0,0,1,1,0,0,3,1
57,160,Rampage,160,16.552,25.64133,0,16.67,33.33,42.86,0,---,---,---,---,---,100,---,---,100,---,---,---,---,---,---,100,0,---,---,---,0,0,---,---,9EE1F5,2AB3D6,1,0,0,0,0,0,1,0,0,1,0,0,0,0,0,0,1,1,0,0,0,1,1,0,0,3,1
72,162,Stellar,162,16.248,49.67288,9.615,23.375,14.29,16.67,0,---,---,0,---,---,20,---,---,0,---,0,---,---,---,---,---,0,---,---,---,66.67,0,---,---,9EE1F5,2AB3D6,3,0,0,2,0,0,5,0,0,1,0,2,0,0,0,0,0,1,0,0,0,3,1,0,0,7,2
32,163,Lupical,163,15.544,42.1875,20.673,27.27,25,36.36,0,---,---,---,---,---,---,---,---,---,---,50,50,---,---,---,---,50,---,---,---,33.33,---,---,---,9EE1F5,2AB3D6,2,0,0,0,0,0,0,0,0,0,0,2,2,0,0,0,0,2,0,0,0,3,0,0,0,4,1
114,164,Zelda1986,164,14.949,49.1345,1.442,5.555,20,25,50,---,---,0,---,---,50,---,---,0,---,50,0,---,---,---,---,33.33,---,0,---,0,---,---,---,9EE1F5,2AB3D6,2,0,0,2,0,0,4,0,0,3,0,4,1,0,0,0,0,3,0,1,0,4,0,0,0,10,2
106,165,C0mputerCat,165,14.417,63.50167,26.442,11.11,16.67,14.29,0,---,---,---,---,---,0,---,---,0,---,0,33.33,---,---,---,---,50,---,---,---,0,---,---,---,9EE1F5,2AB3D6,2,0,0,0,0,0,2,0,0,2,0,2,3,0,0,0,0,2,0,0,0,1,0,0,0,6,1
38,166,Reefy!,166,14.348,45.91317,21.154,18.18,33.33,28.57,0,---,---,100,---,---,---,---,---,---,---,25,50,---,---,---,---,0,---,0,---,33.33,---,---,---,9EE1F5,2AB3D6,2,0,0,1,0,0,0,0,0,0,0,4,2,0,0,0,0,1,0,1,0,3,0,0,0,6,1
193,167,Vessel,167,13.409,62.019,-5,16.67,0,20,---,---,---,---,---,---,0,---,---,---,---,---,---,---,---,---,0,---,---,0,---,100,0,---,---,9EE1F5,2AB3D6,0,0,0,0,0,0,1,0,0,0,0,0,0,0,0,0,1,0,0,1,0,1,1,0,0,2,1
194,167,sevenrei,167,13.409,62.019,-5,16.67,0,20,---,---,---,---,---,---,0,---,---,---,---,---,---,---,---,---,0,---,---,0,---,100,0,---,---,9EE1F5,2AB3D6,0,0,0,0,0,0,1,0,0,0,0,0,0,0,0,0,1,0,0,1,0,1,1,0,0,2,1
13,169,EebySleeby,169,12.461,35.737,8.654,10,33.33,42.86,---,---,---,---,---,---,---,---,100,---,---,50,33.33,---,---,---,0,---,---,---,---,---,---,---,---,9EE1F5,2AB3D6,0,0,0,0,0,0,0,0,1,0,0,2,3,0,0,0,1,0,0,0,0,0,0,0,0,3,1
149,170,julian,170,11.357,91.827,-5,0,0,25,0,---,---,---,---,---,0,---,---,100,---,0,0,---,---,---,---,0,---,100,---,0,---,---,---,9EE1F5,2AB3D6,1,0,0,0,0,0,1,0,0,1,0,1,1,0,0,0,0,1,0,1,0,1,0,0,0,2,1
209,171,Xemo!,171,10.993,49.0385,-5,0,0,33.33,100,---,---,0,---,---,---,---,---,0,---,0,---,---,---,---,100,0,---,---,---,---,---,---,---,9EE1F5,2AB3D6,1,0,0,1,0,0,0,0,0,1,0,1,0,0,0,0,1,1,0,0,0,0,0,0,0,2,1
210,171,Xero!!,171,10.993,49.0385,-5,0,0,33.33,100,---,---,0,---,---,---,---,---,0,---,0,---,---,---,---,100,0,---,---,---,---,---,---,---,9EE1F5,2AB3D6,1,0,0,1,0,0,0,0,0,1,0,1,0,0,0,0,1,1,0,0,0,0,0,0,0,2,1
31,173,Agent,173,10.937,42.067,7.692,9.09,25,30,0,---,---,0,---,---,---,---,0,100,---,0,100,---,---,---,---,---,---,50,---,0,---,---,---,9EE1F5,2AB3D6,1,0,0,2,0,0,0,0,1,1,0,1,1,0,0,0,0,0,0,2,0,1,0,0,0,4,1
143,174,Neon,174,7.945,81.24967,-5,0,0,14.29,0,---,---,0,---,---,---,---,---,0,---,---,0,---,---,---,---,0,---,100,---,0,---,---,---,9EE1F5,2AB3D6,1,0,0,1,0,0,0,0,0,1,0,0,1,0,0,0,0,1,0,1,0,1,0,0,0,3,1
184,175,Pandora,175,7.884,52.7645,-5,0,0,20,0,---,100,---,---,---,---,---,---,0,---,0,0,---,---,---,---,---,---,---,---,---,---,---,---,9EE1F5,2AB3D6,1,0,1,0,0,0,0,0,0,1,0,1,1,0,0,0,0,0,0,0,0,0,0,0,0,2,1
79,176,autumn,176,7.306,64.663,-5,20,0,0,0,---,---,---,---,---,---,---,---,---,---,---,0,---,---,---,---,---,---,---,---,0,---,---,---,9EE1F5,2AB3D6,2,0,0,0,0,0,0,0,0,0,0,0,1,0,0,0,0,0,0,0,0,1,0,0,0,2,1
179,177,bruce GAYne,177,7.133,59.73575,-5,0,0,11.11,0,---,0,0,---,---,---,---,---,100,---,0,---,---,---,---,0,---,---,---,---,---,---,---,---,9EE1F5,2AB3D6,2,0,1,1,0,0,0,0,0,1,0,2,0,0,0,0,2,0,0,0,0,0,0,0,0,4,2
159,178,luke,178,6.931,68.02875,-5,10,0,0,0,---,---,0,---,---,0,---,---,0,---,0,---,---,---,---,---,0,---,---,---,---,0,---,---,9EE1F5,2AB3D6,1,0,0,1,0,0,1,0,0,2,0,1,0,0,0,0,0,1,0,0,0,0,1,0,0,4,1
144,179,Grapplinggoon,179,6.908,63.141,-5,12.5,0,0,0,---,---,0,---,---,---,---,---,---,---,0,0,---,---,---,---,---,---,0,---,0,---,---,---,9EE1F5,2AB3D6,1,0,0,1,0,0,0,0,0,0,0,1,2,0,0,0,0,0,0,1,0,1,0,0,0,3,1
40,180,Pixel,180,6.637,53.025,-5,0,0,11.11,0,---,0,---,---,---,---,---,---,---,---,0,0,---,---,---,0,0,---,---,---,50,---,---,---,9EE1F5,2AB3D6,1,0,1,0,0,0,0,0,0,0,0,1,1,0,0,0,1,2,0,0,0,2,0,0,0,4,2
17,181,CXASE,181,6.233,73.798,-5,10,0,20,---,---,---,---,---,---,0,---,---,0,---,0,50,---,---,---,---,---,---,---,---,---,---,---,---,9EE1F5,2AB3D6,0,0,0,0,0,0,1,0,0,1,0,1,2,0,0,0,0,0,0,0,0,0,0,0,0,2,1
93,182,NewSquidbeak,182,5.919,78.846,-5,0,0,11.11,0,---,---,0,---,---,0,---,---,0,---,0,100,---,---,---,---,0,---,0,---,0,---,---,---,9EE1F5,2AB3D6,1,0,0,1,0,0,1,0,0,1,0,1,1,0,0,0,0,1,0,1,0,1,0,0,0,3,1
147,183,Quax,183,5.547,91.5865,-5,0,0,0,---,---,---,---,---,---,---,0,---,---,---,---,---,---,---,---,---,0,0,---,---,---,---,---,---,9EE1F5,2AB3D6,0,0,0,0,0,0,0,1,0,0,0,0,0,0,0,0,0,1,1,0,0,0,0,0,0,2,1
23,184,mad ferret,184,5.229,65.511,-5,6.818,0,0,0,---,---,0,---,---,0,---,0,0,---,0,0,---,---,---,0,0,---,0,---,0,---,---,---,9EE1F5,2AB3D6,2,0,0,1,0,0,2,0,1,2,0,1,3,0,0,0,1,3,0,1,0,1,0,0,0,7,2
145,185,Lexi,185,5.143,86.37833,-5,0,0,0,0,---,---,0,---,---,---,---,---,0,---,---,0,---,---,---,---,---,---,0,---,0,---,---,---,9EE1F5,2AB3D6,1,0,0,1,0,0,0,0,0,1,0,0,1,0,0,0,0,0,0,1,0,1,0,0,0,3,1
116,186,LForLeo,186,5.096,59.25475,-5,0,0,11.11,0,---,---,0,---,---,---,---,---,0,---,0,0,---,---,---,---,0,---,---,---,50,---,---,---,9EE1F5,2AB3D6,2,0,0,1,0,0,0,0,0,1,0,1,1,0,0,0,0,1,0,0,0,2,0,0,0,4,1
128,187,pecan4pi,187,5.02,69.8078,-5,5.26,0,0,0,---,---,---,---,---,0,---,---,0,---,0,0,---,---,---,---,0,---,0,---,0,---,---,---,9EE1F5,2AB3D6,1,0,0,0,0,0,1,0,0,1,0,2,3,0,0,0,0,1,0,1,0,2,0,0,0,5,1
158,188,howl,188,5.003,80.28833,-5,0,0,0,0,---,---,0,---,---,0,---,---,0,---,0,---,---,---,---,---,0,---,---,---,---,---,---,---,9EE1F5,2AB3D6,1,0,0,1,0,0,1,0,0,1,0,1,0,0,0,0,0,1,0,0,0,0,0,0,0,3,1
71,189,Corgan,189,4.776,37.2595,-5,0,0,20,---,---,---,100,---,---,0,---,---,---,---,---,0,---,---,---,---,---,---,---,---,0,0,---,---,9EE1F5,2AB3D6,0,0,0,1,0,0,1,0,0,0,0,0,1,0,0,0,0,0,0,0,0,1,1,0,0,2,1
68,190,TJ,190,4.53,41.827,-5,14.29,0,0,---,---,---,0,---,---,---,---,---,---,---,0,0,---,---,---,---,---,---,---,---,---,0,---,---,9EE1F5,2AB3D6,0,0,0,1,0,0,0,0,0,0,0,1,1,0,0,0,0,0,0,0,0,0,1,0,0,2,1
21,191,Galaxy_Nightly,191,4.441,50.962,-5,20,0,0,0,---,---,---,---,---,---,---,0,0,---,0,0,---,---,---,---,0,---,---,---,---,---,---,---,9EE1F5,2AB3D6,1,0,0,0,0,0,0,0,1,1,0,2,3,0,0,0,0,1,0,0,0,0,0,0,0,4,1
4,192,RemixedFern,192,3.912,64.423,-5,0,0,20,0,---,---,---,---,---,---,---,---,---,---,---,0,---,---,---,---,100,---,---,---,0,---,---,---,9EE1F5,2AB3D6,1,0,0,0,0,0,0,0,0,0,0,0,1,0,0,0,0,1,0,0,0,2,0,0,0,2,1
39,193,pix!,193,3.77,29.56725,-5,9.09,0,11.11,---,---,---,0,---,---,---,---,---,0,---,33.33,0,---,---,---,---,---,---,0,---,0,---,---,---,9EE1F5,2AB3D6,0,0,0,1,0,0,0,0,0,2,0,3,1,0,0,0,0,0,0,1,0,1,0,0,0,4,1
81,194,Bman,194,3.625,75.9615,-5,0,0,0,0,---,---,---,---,---,---,---,---,---,---,0,0,---,---,---,---,---,---,0,---,---,---,---,---,9EE1F5,2AB3D6,1,0,0,0,0,0,0,0,0,0,0,1,1,0,0,0,0,0,0,1,0,0,0,0,0,2,1
92,195,Ryu,195,3.538,72.59633,-5,0,0,0,0,---,---,0,---,---,0,---,---,0,---,0,0,---,---,---,---,0,---,0,---,0,---,---,---,9EE1F5,2AB3D6,1,0,0,1,0,0,1,0,0,1,0,1,1,0,0,0,0,1,0,1,0,1,0,0,0,3,1
171,196,KipoWick,196,3.273,54.928,-5,0,0,0,0,---,0,---,---,---,---,---,---,---,---,0,---,---,---,---,0,---,---,---,---,---,---,---,---,9EE1F5,2AB3D6,1,0,1,0,0,0,0,0,0,0,0,1,0,0,0,0,1,0,0,0,0,0,0,0,0,2,1
174,197,BrieTreespark,197,3.18,53.606,-5,0,0,0,0,---,0,---,---,---,---,---,---,---,---,0,---,---,---,---,0,---,---,---,---,---,---,---,---,9EE1F5,2AB3D6,1,0,1,0,0,0,0,0,0,0,0,1,0,0,0,0,1,0,0,0,0,0,0,0,0,2,1
175,197,juniper,197,3.18,53.606,-5,0,0,0,0,---,0,---,---,---,---,---,---,---,---,0,---,---,---,---,0,---,---,---,---,---,---,---,---,9EE1F5,2AB3D6,1,0,1,0,0,0,0,0,0,0,0,1,0,0,0,0,1,0,0,0,0,0,0,0,0,2,1
10,199,jaded,199,2.992,50.962,-5,10,0,0,---,---,---,---,---,---,---,---,0,---,---,---,0,---,---,---,---,0,---,---,---,---,---,---,---,9EE1F5,2AB3D6,0,0,0,0,0,0,0,0,1,0,0,0,1,0,0,0,0,2,0,0,0,0,0,0,0,2,1
73,200,DrewStarZ,200,2.946,67.3075,-5,0,0,0,---,---,---,0,---,---,0,---,---,---,---,---,---,---,---,---,---,---,---,---,---,0,0,---,---,9EE1F5,2AB3D6,0,0,0,1,0,0,1,0,0,0,0,0,0,0,0,0,0,0,0,0,0,1,1,0,0,2,1
102,201,SmallWolf,201,2.869,59.13475,-5,0,0,0,0,---,---,---,---,---,0,---,---,0,---,0,0,---,---,---,---,0,---,---,---,0,---,---,---,9EE1F5,2AB3D6,1,0,0,0,0,0,1,0,0,1,0,1,2,0,0,0,0,1,0,0,0,1,0,0,0,4,1
35,202,shate,202,2.624,74.19867,-5,0,0,0,---,---,---,---,---,---,---,---,0,0,---,0,0,---,---,---,---,---,---,---,---,0,---,---,---,9EE1F5,2AB3D6,0,0,0,0,0,0,0,0,1,1,0,2,1,0,0,0,0,0,0,0,0,1,0,0,0,3,1
60,203,AnekinRed,203,2.422,59.0145,-5,0,0,0,---,---,---,---,---,---,---,---,---,0,---,---,---,---,---,---,0,0,---,---,---,---,0,---,---,9EE1F5,2AB3D6,0,0,0,0,0,0,0,0,0,1,0,0,0,0,0,0,1,1,0,0,0,0,1,0,0,2,1
61,203,Luz,203,2.422,59.0145,-5,0,0,0,---,---,---,---,---,---,---,---,---,0,---,---,---,---,---,---,0,0,---,---,---,---,0,---,---,9EE1F5,2AB3D6,0,0,0,0,0,0,0,0,0,1,0,0,0,0,0,0,1,1,0,0,0,0,1,0,0,2,1
46,205,A-Nash,205,2.395,60.8175,-5,0,0,0,---,---,---,---,---,---,---,---,---,0,---,---,---,---,---,---,---,0,---,0,---,---,---,---,---,9EE1F5,2AB3D6,0,0,0,0,0,0,0,0,0,1,0,0,0,0,0,0,0,1,0,2,0,0,0,0,0,2,1
119,206,Tata357 :3,206,2.339,47.7165,-5,0,0,0,---,---,---,---,---,---,0,---,---,0,---,0,---,---,---,---,---,0,---,0,---,0,---,---,---,9EE1F5,2AB3D6,0,0,0,0,0,0,2,0,0,1,0,1,0,0,0,0,0,2,0,1,0,1,0,0,0,4,1
151,207,Hometuu,207,1.94,36.538,-5,0,0,0,0,---,---,0,---,---,---,---,---,---,---,---,---,---,---,---,---,0,---,---,---,0,---,---,---,9EE1F5,2AB3D6,1,0,0,1,0,0,0,0,0,0,0,0,0,0,0,0,0,1,0,0,0,1,0,0,0,2,1
185,208,noah_gka21,208,1.78,33.413,-5,0,0,0,---,---,---,---,---,---,---,---,---,0,---,0,---,---,---,---,---,---,---,---,---,---,---,---,---,9EE1F5,2AB3D6,0,0,0,0,0,0,0,0,0,1,0,1,0,0,0,0,0,0,0,0,0,0,0,0,0,1,1
58,209,RenOrSumthn,209,1.435,38.3415,-5,0,0,0,---,---,---,0,---,---,---,---,---,0,---,---,0,---,---,---,0,---,---,---,---,---,---,---,---,9EE1F5,2AB3D6,0,0,0,1,0,0,0,0,0,1,0,0,1,0,0,0,1,0,0,0,0,0,0,0,0,2,1
59,209,brookocet,209,1.435,38.3415,-5,0,0,0,---,---,---,0,---,---,---,---,---,0,---,---,0,---,---,---,0,---,---,---,---,---,---,---,---,9EE1F5,2AB3D6,0,0,0,1,0,0,0,0,0,1,0,0,1,0,0,0,1,0,0,0,0,0,0,0,0,2,1
